film,drzava
0,United States
1,United States
2,United States
3,United States
4,United Kingdom
5,United States
6,France
6,Greece
6,Italy
7,Norway
7,United States
8,United Kingdom
9,United States
10,France
10,United Kingdom
11,Austria
11,Germany
13,France
14,France
14,United Kingdom
14,Hong Kong
14,Malta
14,Taiwan
14,United States
15,United States
16,United States
17,United States
18,United States
19,United States
20,Spain
20,Mexico
20,United States
21,United States
22,United Kingdom
22,United States
23,Korea
23,South
23,United States
24,Germany
24,France
25,United States
26,United States
27,Japan
28,United States
29,Spain
29,France
30,Netherlands
30,United States
31,Spain
31,Mexico
32,France
33,Japan
34,Italy
35,Italy
35,United States
36,France
39,Belgium
39,Spain
39,France
39,Luxembourg
40,Germany
41,Germany
41,France
41,Sweden
42,United States
43,United States
44,United States
45,France
45,Iran
46,United States
47,United States
48,United States
49,Italy
50,Spain
51,United States
53,France
53,United Kingdom
54,United States
55,United States
56,United Kingdom
57,Germany
57,Spain
57,Italy
58,United States
59,United States
60,Sweden
61,United States
62,United States
63,Japan
64,France
64,United States
66,United States
67,United States
68,Germany
68,United States
69,United States
70,United States
71,Japan
72,United States
73,Ireland
73,Slovakia
73,United States
74,United States
75,France
76,United States
77,United Kingdom
77,Ireland
77,United States
78,Netherlands
79,Canada
79,New Zealand
79,United States
79,South Africa
80,United States
81,Denmark
81,Sweden
82,United States
83,United Kingdom
83,United States
84,United Kingdom
84,United States
85,France
85,Italy
86,Germany
86,United States
87,France
87,Italy
88,United States
89,United Kingdom
89,United States
90,Mexico
90,United States
91,United States
92,United States
93,Japan
94,Germany
94,France
94,Sweden
96,United States
97,France
98,United States
99,United States
100,United States
102,Canada
103,France
103,Netherlands
104,Denmark
104,France
104,Norway
104,Sweden
105,Australia
106,Switzerland
106,United Kingdom
106,United States
107,United States
108,United States
109,Sweden
109,United States
110,Germany
110,Italy
110,Turkey
111,United States
112,United States
113,France
114,United Kingdom
114,United States
115,United States
116,United Kingdom
116,United States
117,Poland
118,United States
119,Belgium
119,Germany
119,United Kingdom
119,Sweden
119,United States
120,France
120,United Kingdom
120,Netherlands
121,Italy
122,United States
123,United Kingdom
124,Germany
124,Mexico
124,Peru
124,United States
125,United States
126,Japan
128,United States
129,Japan
130,United States
131,Germany
131,United States
132,United Kingdom
132,United States
133,United Kingdom
133,United States
134,United States
135,United States
136,United States
137,United States
138,United States
139,United States
140,United States
141,United States
142,United States
143,Spain
143,France
143,Italy
144,Czechia
144,United Kingdom
144,United States
145,United States
146,United States
147,United States
148,United States
149,United States
150,United States
151,Austria
151,Switzerland
151,Germany
151,France
151,Monaco
151,Romania
152,United States
153,United States
154,United Kingdom
154,Ireland
154,Japan
155,Switzerland
155,Colombia
155,Germany
155,Denmark
155,France
155,Mexico
156,France
156,Italy
157,United States
158,Australia
158,United States
159,United States
160,United Kingdom
161,Italy
161,United States
163,Italy
164,United States
165,Spain
166,Japan
166,United States
167,United Kingdom
167,United States
168,Canada
168,United States
169,United Kingdom
169,Italy
170,United Kingdom
170,United States
171,United States
172,United States
173,United States
174,United States
175,United Kingdom
175,United States
176,Mexico
176,United States
177,Germany
177,United Kingdom
177,United States
178,United States
180,France
181,United States
182,Japan
183,United States
184,Japan
184,United States
185,United States
186,Estonia
188,United States
189,France
189,Italy
190,United States
191,Austria
191,Germany
192,United States
193,United States
194,China
194,Hong Kong
194,United States
195,Belgium
195,France
196,United States
197,United Kingdom
197,United States
198,United States
199,Israel
199,United States
200,Germany
200,United Kingdom
201,Canada
201,United States
202,Argentina
202,United States
203,Germany
203,France
203,United Kingdom
203,Korea
203,South
203,Mexico
203,Malaysia
203,Thailand
203,United States
204,United States
205,Bolivia
205,Spain
205,France
205,United Kingdom
205,United States
206,United States
207,United States
208,United States
209,Spain
209,United States
210,United Kingdom
212,Japan
213,United States
214,United States
215,United States
217,United States
218,United Kingdom
218,Mexico
218,United States
219,United States
220,United States
221,United Kingdom
221,United States
222,Canada
222,United Kingdom
222,United States
223,United States
224,United States
225,India
225,United States
226,Switzerland
226,France
226,Poland
226,United States
227,United States
228,United States
229,France
230,France
231,United Kingdom
231,United States
232,Germany
232,Japan
232,United States
233,Iran
234,China
234,Hong Kong
234,Taiwan
235,United States
237,United States
238,United Kingdom
239,United Kingdom
240,France
241,United States
242,United States
243,United Kingdom
244,Denmark
244,Netherlands
245,United States
246,Australia
246,Spain
246,United States
247,United Kingdom
247,United States
249,France
249,United Kingdom
249,Netherlands
249,United States
250,United States
252,United States
253,Ukraine
254,United States
255,Germany
256,United States
257,Spain
257,Mexico
258,United States
259,United States
260,Germany
260,United States
262,France
262,Portugal
263,United States
264,United Kingdom
264,United States
265,United Kingdom
266,United States
267,United Kingdom
267,United States
268,Canada
268,United Kingdom
268,United States
269,Thailand
270,United States
271,United States
272,United States
273,Denmark
273,France
273,Iceland
273,Netherlands
273,Norway
273,Sweden
274,United States
275,United Kingdom
276,United Kingdom
276,Italy
276,Japan
276,Mexico
276,Taiwan
276,United States
277,United Kingdom
277,United States
278,United Kingdom
278,United States
279,United States
280,United States
281,Germany
282,Denmark
282,France
282,United Kingdom
282,United States
283,New Zealand
284,United States
285,Italy
286,United States
287,United States
288,Japan
289,United Kingdom
290,Canada
290,United States
291,United States
292,Germany
293,United Kingdom
293,United States
294,United Kingdom
295,Spain
295,United Kingdom
296,France
297,United States
298,United States
299,Australia
299,United States
300,United States
301,United States
302,United Kingdom
302,United States
303,United States
304,Canada
304,United States
305,United States
306,United Kingdom
306,United States
307,Japan
308,United Kingdom
308,United States
309,United States
310,United States
311,United States
312,United States
314,Brazil
314,France
315,United States
316,United States
317,Poland
318,United Kingdom
318,United States
319,Russia
320,Switzerland
320,China
320,Colombia
320,Germany
320,France
320,United Kingdom
320,Mexico
320,Qatar
320,Thailand
321,United States
322,United States
323,United States
324,United States
325,United States
327,Australia
327,China
327,United States
328,Argentina
328,United States
329,France
330,United Kingdom
330,United States
331,United States
332,United States
333,United States
334,United States
335,United States
336,United States
337,United States
338,Netherlands
339,United States
340,Belgium
340,France
341,United States
342,United States
343,United States
344,Portugal
345,United States
346,United Kingdom
346,United States
347,Hungary
348,United States
349,United States
350,United Kingdom
350,Japan
351,United States
352,China
352,United States
353,Germany
354,Mexico
355,United States
356,Denmark
356,United Kingdom
356,Norway
357,France
358,France
359,United Kingdom
359,Ireland
359,United States
360,United States
361,United Kingdom
362,France
362,Italy
363,Canada
363,United Kingdom
363,United States
364,France
365,Canada
365,United States
366,United States
367,American Samoa
367,United States
368,United States
369,United States
370,Spain
370,Mexico
370,United States
371,United States
373,United States
374,United States
375,Australia
376,United States
377,United States
378,Germany
378,France
378,Sweden
379,United States
380,United States
381,Japan
382,Germany
382,United Kingdom
382,United States
383,Canada
383,United Kingdom
383,United States
384,United States
385,Japan
386,France
386,United States
387,Canada
388,United States
389,France
389,Italy
390,Spain
391,United States
392,France
392,Indonesia
392,United States
394,United Kingdom
395,United States
396,United States
397,Hong Kong
397,United States
398,United Kingdom
398,United States
399,United States
401,United States
402,United States
403,United States
404,India
405,United States
406,United States
407,Canada
407,United States
408,United States
409,United States
410,United States
411,Australia
411,United Kingdom
411,United States
412,United States
413,United States
414,United States
415,United States
416,Canada
416,United States
417,United States
418,France
418,United Kingdom
418,United States
419,United States
420,Germany
420,United Kingdom
420,New Zealand
421,Korea
421,South
422,India
423,China
423,United States
424,United States
425,New Zealand
425,United States
426,Japan
427,United States
428,France
429,United States
430,United Kingdom
430,United States
431,United States
432,United States
433,Georgia
434,Spain
434,United Kingdom
434,United States
435,Brazil
435,Russia
436,Iran
437,United Kingdom
437,United States
438,France
438,Hong Kong
438,United States
439,United States
440,United States
441,Hong Kong
442,France
443,Japan
444,United States
445,Canada
445,United States
446,Spain
446,United States
447,United States
448,Japan
449,United States
450,United States
451,Sweden
452,United Kingdom
452,Japan
452,United States
453,United States
454,United States
455,Czechia
456,United States
457,United States
458,Hong Kong
458,United States
459,United Kingdom
459,United States
460,United States
461,Australia
462,Hong Kong
463,Argentina
463,Spain
463,United States
464,United States
465,France
465,Italy
466,United States
467,United Kingdom
467,United States
468,United States
469,United States
470,United States
471,United States
472,United States
473,United States
475,France
475,Italy
476,France
476,Italy
477,Japan
478,France
478,United States
479,United Kingdom
480,United States
481,United Kingdom
481,Italy
482,Canada
482,United States
483,United States
484,United States
485,United Kingdom
485,Italy
485,United States
486,Germany
486,Denmark
486,France
486,United States
487,Korea
487,South
487,United States
488,United Kingdom
488,United States
490,France
491,Indonesia
491,United States
492,United States
493,Switzerland
493,Czechia
493,Germany
493,United Kingdom
494,United States
495,Austria
495,Germany
496,United States
497,United Kingdom
498,France
498,Italy
499,United Kingdom
499,United States
500,Canada
500,Hong Kong
500,Philippines
500,United States
501,France
502,Canada
502,United States
503,United States
504,United Kingdom
505,United States
506,United States
507,France
507,Italy
509,United Kingdom
509,United States
510,France
511,United States
512,United Kingdom
513,United States
514,United States
515,France
517,United States
518,United Kingdom
518,United States
521,United States
522,New Zealand
522,United States
523,Germany
524,United States
525,United States
526,Canada
526,Algeria
526,France
527,China
527,United States
528,United States
529,United States
530,United States
531,Australia
531,United States
532,United States
533,United States
534,American Samoa
534,Australia
534,United Kingdom
534,United States
535,United States
536,United States
538,Germany
538,France
539,Germany
539,United States
540,United States
541,United States
542,United Kingdom
542,United States
543,United States
544,Australia
544,Canada
544,United States
545,United States
546,United States
547,United States
548,United Kingdom
548,United States
549,United States
550,Australia
550,United States
551,United Kingdom
551,United States
552,United States
553,France
553,Italy
553,Turkey
553,United States
554,United States
555,United Kingdom
555,Ireland
555,United States
556,United States
557,United States
560,United States
561,United States
562,United States
564,United States
565,United States
567,Japan
568,United States
569,United States
570,United States
571,France
572,United States
573,United States
574,United States
575,United States
576,United Kingdom
576,Japan
576,United States
577,United States
578,Spain
580,China
580,United Kingdom
580,Iceland
580,United States
581,United Kingdom
582,United States
583,United States
584,Canada
584,United States
585,Hong Kong
585,Iceland
585,United States
586,Japan
587,France
587,Romania
588,United States
589,United States
590,United States
591,Canada
591,United Kingdom
591,United States
592,United States
593,Belgium
593,Canada
593,France
593,United Kingdom
593,United States
594,United Kingdom
595,Spain
595,Italy
595,United States
596,United States
597,Germany
598,United States
599,France
600,United States
601,Russia
601,United States
602,United States
603,United Kingdom
603,Taiwan
604,United States
605,United States
606,United Kingdom
606,Japan
606,United States
607,United States
608,United States
609,United States
610,United Kingdom
611,United States
613,United States
614,United States
615,Sweden
615,United States
616,United States
617,United States
618,United States
620,United States
621,China
621,Germany
621,France
621,Hong Kong
621,Italy
623,United States
625,United States
626,United States
627,France
627,United States
628,United Kingdom
628,United States
629,United States
630,Iran
631,Denmark
631,United States
633,United States
634,Japan
634,United States
635,United States
636,United States
637,Canada
637,United States
638,Australia
638,United Kingdom
638,United States
639,United States
640,United States
641,Spain
641,France
642,Hong Kong
642,Singapore
643,France
644,Iran
644,Japan
645,United States
646,Spain
646,United States
647,United Kingdom
647,United States
648,Mexico
649,United States
650,United States
651,United States
652,United Kingdom
653,Germany
653,France
654,United States
655,United Kingdom
655,United States
656,France
656,United Kingdom
656,Greece
656,Ireland
656,Netherlands
657,United States
658,Germany
658,France
658,United States
659,United States
660,United States
661,United States
662,Belgium
662,France
662,Italy
663,Taiwan
664,Germany
664,United States
665,United States
666,United States
667,United States
668,United Kingdom
668,United States
669,United States
670,Japan
671,France
671,United States
672,United States
673,American Samoa
673,Australia
673,United States
674,United States
675,France
676,United Kingdom
676,Italy
676,United States
677,Mexico
677,United States
678,United States
679,Canada
679,United States
680,United States
681,United States
682,United States
683,United States
684,Belgium
684,United States
685,France
686,United States
687,Canada
687,Germany
687,United States
688,United States
689,United States
690,United Kingdom
690,United States
691,United States
692,United Kingdom
692,United States
693,Germany
693,France
693,United Kingdom
693,United States
694,United States
695,Canada
697,United States
698,France
698,Italy
699,United States
701,United States
702,United States
703,United States
703,South Africa
704,United States
705,Brazil
705,France
705,Portugal
706,Russia
707,Japan
708,United States
709,Korea
709,South
710,Hong Kong
710,United States
711,United States
712,Germany
712,France
713,Japan
714,United States
715,Iran
716,United Kingdom
716,United States
717,United States
718,American Samoa
718,Australia
718,France
718,New Zealand
719,United States
720,United States
721,United States
722,Germany
722,United States
723,Germany
724,United States
726,United States
727,China
727,Japan
728,Russia
728,United States
729,United States
730,United States
731,United States
732,United States
733,United States
734,United States
735,United States
736,United States
737,United States
738,Korea
738,South
738,Norway
739,United States
740,Belgium
740,Germany
740,France
741,United States
742,United States
743,Spain
743,United States
744,United States
745,United States
746,United States
747,United States
748,United States
749,Australia
749,France
749,United Kingdom
750,United Kingdom
751,Australia
752,United States
753,United Kingdom
754,United States
755,United States
756,Korea
756,South
757,United States
758,United States
759,United States
760,Canada
761,United States
762,Canada
764,United Kingdom
764,India
764,United States
765,Japan
766,France
766,United States
767,United States
768,Germany
768,Spain
768,Italy
768,Monaco
768,United States
769,United States
770,United States
771,United States
772,United Kingdom
772,United States
773,United States
774,Japan
775,Japan
776,United States
778,United States
779,Russia
779,United States
780,United States
781,Belgium
781,Canada
781,France
781,United Kingdom
781,Hungary
782,United Kingdom
783,Germany
783,Denmark
783,France
783,United Kingdom
783,United States
784,United States
785,France
785,United States
786,United States
787,United States
788,Australia
788,Canada
788,United States
789,Japan
789,Taiwan
790,United States
791,United Kingdom
791,India
791,United States
792,United States
793,United Kingdom
794,Japan
794,United States
795,United States
796,United States
797,United States
798,China
798,Hong Kong
798,Taiwan
798,United States
799,United States
800,United States
801,Germany
802,United States
803,United States
804,Canada
804,United States
805,Slovakia
806,Japan
809,Hong Kong
809,Mexico
809,United States
810,United States
811,United States
812,Spain
812,Netherlands
812,United States
813,United States
814,United States
815,Canada
815,Finland
815,United Kingdom
815,United States
816,United States
817,France
817,Italy
818,Denmark
818,Spain
819,United States
820,American Samoa
820,Australia
820,United States
820,South Africa
821,United States
822,United Kingdom
822,United States
823,United States
824,Japan
825,United States
826,Australia
826,United Kingdom
827,Ghana
828,United States
829,Canada
829,France
829,Italy
830,United States
832,United States
833,Germany
833,United States
835,United States
836,Canada
837,Germany
837,United Kingdom
837,United States
838,Canada
838,United States
839,United States
841,Canada
841,France
841,Italy
842,United States
843,United States
844,Japan
844,United States
845,United Kingdom
845,United States
846,Turkey
846,United States
847,United States
848,United States
850,United Kingdom
850,United States
851,United States
852,United States
853,Japan
854,United States
855,Spain
856,United States
857,United States
858,United States
859,Australia
859,Spain
859,United Kingdom
859,United States
860,United States
861,Germany
861,Denmark
861,United Kingdom
862,United States
863,United States
864,India
865,United States
866,United States
867,United Kingdom
867,United States
868,United States
869,United States
870,United States
871,United States
872,United States
873,France
874,United States
875,Sweden
876,United States
878,Canada
878,United States
879,United States
880,Japan
880,United States
881,United States
882,Iran
883,United Kingdom
883,United States
884,United States
885,United States
886,Canada
887,United States
888,United Kingdom
889,Germany
890,France
891,United States
892,United States
893,Canada
893,United Kingdom
894,United States
895,Brazil
895,China
895,United States
896,United States
897,United States
899,United States
900,Brazil
900,United Kingdom
901,United States
902,United States
903,United Kingdom
903,United States
904,United States
905,United States
906,France
907,United States
908,Germany
908,Spain
908,Italy
909,France
910,United Kingdom
911,United States
912,France
912,United Kingdom
912,United States
913,Japan
914,United States
915,France
916,Argentina
916,Switzerland
916,France
917,United States
918,United States
919,Japan
920,United States
921,United States
922,Canada
922,United Kingdom
922,United States
923,United States
924,Japan
925,United States
926,Mexico
927,United Kingdom
927,United States
928,Japan
930,United Kingdom
930,United States
932,United Kingdom
932,Italy
933,Italy
934,Japan
934,Korea
934,South
935,United Kingdom
935,United States
937,Korea
937,South
938,United Kingdom
938,United States
939,United States
940,United States
941,United States
942,France
943,Austria
943,Bosnia and Herzegovina
943,Germany
943,France
943,Netherlands
943,Norway
943,Poland
943,Romania
943,Turkey
944,France
945,Taiwan
946,United States
947,United States
948,Brazil
948,Canada
948,United Kingdom
948,United States
949,United Kingdom
949,New Zealand
950,United States
951,Bulgaria
951,Canada
951,France
951,United States
952,American Samoa
952,Australia
952,Canada
952,United States
953,United States
954,Argentina
955,France
955,Japan
956,Mexico
957,United States
958,Canada
958,Spain
958,Japan
959,United States
960,France
960,United States
961,France
961,Iran
962,United States
963,United States
964,Argentina
964,Canada
964,Japan
964,United States
965,Australia
965,China
965,United States
965,Vietnam
966,United States
967,United States
968,Japan
969,France
970,Germany
970,United States
971,United States
972,United Kingdom
974,United States
975,Turkey
975,United States
976,Germany
976,France
976,Italy
977,France
978,United States
979,Belgium
979,Canada
979,France
980,United States
981,United States
982,Australia
983,United States
984,Poland
985,France
985,United Kingdom
985,Poland
986,Germany
986,Mexico
986,United States
987,United States
988,United Kingdom
988,United States
989,United States
990,China
991,France
991,United States
992,Germany
992,France
993,United States
994,Mexico
994,United States
995,Belgium
995,Spain
995,France
995,United Kingdom
995,Italy
996,France
996,Iran
997,Denmark
997,Sweden
998,Canada
998,France
998,United Kingdom
998,United States
999,Romania
1000,France
1000,United States
1001,United States
1002,United States
1003,United Kingdom
1003,United States
1004,Japan
1005,France
1006,Canada
1006,Germany
1006,United States
1008,United States
1009,France
1010,France
1011,United States
1012,United States
1013,Italy
1014,United States
1015,Japan
