film,tema
0,Police Corruption
0,Whistleblowers
1,Kidnapping
1,Serial Killers
2,Existential Crisis
2,Families in Crisis
2,Fathers and Sons
3,Pygmalion Stories
3,Class Differences
3,Members of the Press
4,Evil Aliens
4,End of the World
5,Bounty Hunters
5,Daring Rescues
5,Heroic Mission
5,Mentors
5,Robots and Androids
5,Space Wars
6,Haunted By the Past
6,Journey of Self-Discovery
6,Unlikely Friendships
7,Crisis of Conscience
7,Hired Killers
8,Love Triangles
8,Workplace Romance
9,Clearing One's Name
9,Expecting a Baby
9,Lawyers
9,Protecting the Innocent
9,Race Relations
9,Righting the Wronged
9,Social Injustice
9,Star-Crossed Lovers
10,Schemes and Ruses
10,Unlikely Friendships
10,Wizards and Magicians
12,Death of a Partner
12,Nothing Goes Right
13,Cons and Scams
13,Down on Their Luck
13,Golden Years
13,Musician's Life
14,Facing Death
14,Fighting the System
14,Going Undercover
14,Hired Killers
14,Priceless Artifacts and Prized Objects
14,Time Travel
15,Nightmare Vacations
15,Facing Death
15,Mind Games
15,Survival in the Wilderness
15,Zombies
16,Time Travel
16,Race Against Time
16,Finding a Way Back Home
16,Fish Out of Water
16,Inventors
16,Mad Scientists
17,Vigilantes
17,Lone Wolves
17,Out For Revenge
17,Righting the Wronged
17,White People Among Indians
18,High School Life
18,Inner City Blues
18,Kids in Trouble
18,Teachers and Students
18,Generation Gap
19,High School Life
19,Innocence Lost
19,Sexual Awakening
19,Faltering Friendships
19,Teen Angst
19,First Love
20,Daring Rescues
20,Evil Aliens
20,Heroic Mission
20,Invisible People
20,Military Life
20,Survival in the Wilderness
21,Zombies
21,Experiments Gone Awry
21,Cannibals
21,Mutants
22,Crowned Heads
22,Fantasy Lands
22,Heroic Mission
23,On the Run
24,Star-Crossed Lovers
24,First Love
24,Forbidden Love
24,Home From the War
24,Love Triangles
24,Military Life
24,Mothers and Daughters
24,Romantic Betrayal
24,Lovers Reunited
25,Heroic Mission
25,Opposites Attract
25,War At Sea
26,All Washed Up
26,Writer's Life
27,Fathers and Sons
27,Switched at Birth
28,Obsessive Quests
28,Crime Gone Awry
28,Mafia Life
28,Police Corruption
28,Protecting the Innocent
28,Street Gangs
28,Criminal's Revenge
29,Mothers and Sons
29,Haunted By the Past
29,Women's Friendship
29,Death of a Child
29,Starting Over
30,Psychic Abilities
30,Bullies
30,Misfits and Outsiders
30,Mothers and Daughters
31,Cults
31,First Love
31,Haunted By the Past
31,Mind Games
31,Misfits and Outsiders
31,Obsessive Quests
31,Protecting the Innocent
31,Social Injustice
31,Starting Over
31,Unlikely Heroes
33,Heroic Mission
33,Knights and Ladies
33,Mythical Creatures
33,Persecution [Anime]
33,Righting the Wronged
34,Nothing Goes Right
34,Unlikely Criminals
35,Experiments Gone Awry
35,Haunted By the Past
35,Mad Scientists
36,Obsessive Quests
37,High School Life
37,Out For Revenge
37,Teen Angst
38,Crimes Against Humanity
38,Life Under Occupation
40,College Life
40,Demonic Possession
40,Members of the Clergy
40,Mental Breakdown
40,Mental Illness
41,Family Gatherings
41,Sibling Relationships
41,Orphans
41,Death in the Family
41,Musician's Life
41,Marriages of Convenience
42,Treacherous Spouses
42,Circuses & Carnivals
42,Looking For Love
42,Cons and Scams
43,Private Eyes
43,Dangerous Attraction
43,Star Detectives
43,Cons and Scams
44,Keeping a Secret
44,Missing Persons
44,Mothers and Daughters
45,Dangerous Friends
46,Experiments Gone Awry
46,Mad Scientists
46,Split Personalities
47,Adoption
47,Death of a Child
47,Discovering One's Heritage
47,Robots and Androids
48,Otherwise Engaged
48,Wedding Bells
49,Star-Crossed Lovers
50,Dangerous Attraction
50,Stalkers
50,Woman In Jeopardy
51,Fighting the System
53,Assassination Plots
53,Hired Killers
53,Conspiracies
53,Terrorism
54,Private Eyes
54,Haunted By the Past
54,Conspiracies
54,Crumbling Marriages
54,Femmes Fatales
54,Keeping a Secret
54,Scandals and Cover-Ups
54,Star Detectives
55,Vacation Romances
56,Heroic Mission
56,Race Against Time
56,Terrorism
57,Lone Wolves
57,Feuds
57,Sheriffs and Outlaws
57,Cons and Scams
58,Cinderella Stories
58,Unrequited Love
58,Love Triangles
59,Fathers and Sons
59,Miscarriage of Justice
59,Sibling Relationships
60,Vampires
60,Dangerous Friends
60,Bullies
60,Unlikely Friendships
61,Ranchers
62,Faltering Friendships
62,Men's Friendship
62,Wedding Bells
63,Family Gatherings
64,Lovers Reunited
64,Brief Encounters
64,Thirtysomething Life
64,Writer's Life
65,Ladder to the Top
65,Fathers and Sons
65,Immigrant Life
66,Daring Rescues
66,Heroic Mission
66,New Kid in Town
66,Race Against Time
66,Showing Feelings [k]
66,Unlikely Friendships
67,Crime Sprees
67,Cons and Scams
67,Sheriffs and Outlaws
68,Work Ethics
68,Members of the Press
68,Suicide
69,Redemption
69,Lost Worlds
69,Crisis of Faith
69,Dropping Out
69,Fantasy Lands
70,Cons and Scams
70,Mind Games
70,Mentors
71,Heroic Mission
71,Mythical Creatures
71,Righting the Wronged
75,Boarding School Life
75,Generation Gap
75,Mischievous Children
76,Righting the Wronged
76,Flight of the Innocent
76,Sibling Relationships
77,Looking For Love
77,Mysterious Strangers
78,Prostitutes
78,Social Climbing
79,Benign Aliens
79,Evil Aliens
79,Flight of the Innocent
80,Police Corruption
80,Murder Investigations
80,Fighting the System
80,Prostitutes
80,Rookie Cops
80,Scandals and Cover-Ups
80,Unlikely Friendships
81,Witches
81,Demonic Possession
81,Devil Worship
82,Righting the Wronged
82,Heroic Mission
83,Crime Gone Awry
83,Kidnapping
83,Murder Investigations
84,Social Climbing
84,Fathers and Sons
84,Rags To Riches
85,Life Under Occupation
86,Robots and Androids
86,Unlikely Friendships
87,Future Dystopias
87,Private Eyes
88,Rags To Riches
88,Social Climbing
88,Culture Clash
88,Taming the West
89,Daring Rescues
89,Race Against Time
89,Space Travel
90,Down on Their Luck
90,Treasure Hunts
90,Faltering Friendships
90,Cons and Scams
91,Unlikely Heroes
91,Redemption
91,All Washed Up
91,Out For Revenge
91,Sheriffs and Outlaws
91,Fathers and Daughters
91,Alcoholism
92,College Life
92,Mental Breakdown
92,Obsessive Quests
93,Metamorphosis
93,Mythical Creatures
93,Unlikely Friendships
94,Family Gatherings
94,Sibling Relationships
94,Orphans
94,Death in the Family
94,Musician's Life
94,Marriages of Convenience
96,Daring Rescues
96,Heroic Mission
96,Mutants
96,Social Injustice
96,Unlikely Friendships
96,Unlikely Heroes
97,Unrequited Love
97,Love Triangles
97,Self-Destructive Romance
98,Military Life
98,Dying Young
98,Life Under Occupation
99,Cons and Scams
99,Sheriffs and Outlaws
99,White People Among Indians
100,Otherwise Engaged
100,Eccentric Families
100,Battle of the Sexes
100,Looking For Love
100,Opposites Attract
100,Serendipity
101,Fathers and Sons
101,Fathers and Daughters
101,Parenthood
103,Kidnapping
103,Mind Games
103,Missing Persons
103,Obsessive Quests
104,Journey of Self-Discovery
104,Single Life
104,Twentysomething Life
106,Dangerous Attraction
106,Evil Aliens
107,Time Sleepers
107,Fish Out of Water
107,Nothing Goes Right
107,Future Dystopias
107,Political Unrest
108,Femmes Fatales
108,Haunted By the Past
109,Dangerous Attraction
109,Interracial/Cross-Cultural Romance
109,Rise and Fall Stories
109,Unrequited Love
109,Innocence Lost
109,Race Relations
110,Immigrant Life
110,Fathers and Sons
110,Prostitutes
110,Death of a Partner
110,Domestic Abuse
110,Mothers and Daughters
111,Fighting the System
111,Sheriffs and Outlaws
111,Taming the West
112,Drug Trade
113,Love Triangles
113,Twentysomething Life
114,Star-Crossed Lovers
114,Street Gangs
114,Death in the Family
114,Feuds
114,Immigrant Life
114,Inner City Blues
115,Hostage Situations
115,Bank Robbery
115,Nothing Goes Right
116,Great Battles
116,Heads of State
116,Heroic Mission
116,Political Unrest
117,Teachers and Students
117,Totalitarian States
118,Mistaken Identities
118,Servants and Employers
118,Class Differences
119,Bumbling Cops
119,Police Corruption
120,Out For Revenge
120,Criminal's Revenge
120,Infidelity
120,Star-Crossed Lovers
121,Crumbling Marriages
122,Behind Enemy Lines
122,Heroic Mission
123,Cons and Scams
123,Dishonor Among Thieves
124,Obsessive Quests
125,Nothing Goes Right
125,Opposites Attract
125,Otherwise Engaged
126,Going Straight
126,Yakuza
128,Ladder to the Top
128,Cons and Scams
128,Righting the Wronged
128,Ship Cruises
128,Success is the Best Revenge
129,Mysterious Strangers
130,Parenthood
130,Sibling Relationships
130,First Love
130,Wedding Bells
130,Generation Gap
131,Bullies
131,Computer Paranoia
131,Demonic Possession
131,Haunted By the Past
131,Mysterious Strangers
131,Technology Run Amok
132,Flight of the Innocent
132,Clearing One's Name
132,Witnessing a Crime
132,On the Run
133,Space Travel
133,Computer Paranoia
133,Benign Aliens
133,Future Dystopias
134,Interracial/Cross-Cultural Romance
134,Colonialism
134,Opposites Attract
134,Nannies and Caregivers
135,Drug Addiction
135,Redemption
135,Starting Over
136,Fantasy Lands
136,Finding a Way Back Home
136,Farm Life
137,Filmmaking
137,Teachers and Students
138,Fathers and Sons
139,Sheriffs and Outlaws
139,Lone Wolves
139,Vigilantes
140,Demonic Possession
140,Witches
141,Sexual Awakening
142,Mafia Life
142,Rise To Power
142,Immigrant Life
142,Crime Sprees
142,Fathers and Sons
142,Non-Traditional Families
142,Scandals and Cover-Ups
142,Sibling Relationships
142,Crumbling Marriages
144,Bumbling Cops
145,Class Differences
145,Looking For Love
145,Living With Disability
146,Benign Aliens
146,Fantasy Lands
146,Fighting the System
146,Great Battles
147,Innocence Lost
147,Suburban Dysfunction
147,Amateur Sleuths
147,Woman In Jeopardy
148,Crumbling Marriages
148,Infidelity
148,Voyeurs
148,Faltering Friendships
148,Sibling Relationships
148,Therapy
150,Death of a Parent
151,Fathers and Daughters
152,Down on Their Luck
153,All Washed Up
153,Amateur Sleuths
153,Conspiracies
154,Gender-Bending
154,Haunted By the Past
154,Assassination Plots
154,Dangerous Attraction
154,Switching Sides
154,Terrorism
156,Curses and Spells
156,Prison Life
156,Reconciliation
156,Wizards and Magicians
157,Rise and Fall Stories
158,Fathers and Sons
158,Getting Along [k]
158,Finding a Way Back Home
158,Daring Rescues
158,Heroic Mission
158,Body Image and Self-Esteem
159,Eccentric Families
159,Fathers and Sons
159,Generation Gap
159,Journey of Self-Discovery
159,Class Differences
160,Experiments Gone Awry
160,Werewolves
160,Heroic Mission
160,Man's Best Friend
164,Faltering Friendships
164,Love Triangles
164,Orphans
165,Political Unrest
165,Sibling Relationships
165,Innocence Lost
166,Mad Scientists
166,Experiments Gone Awry
166,Heroic Mission
166,Robots and Androids
166,Space Travel
166,Invisible People
167,Murder Investigations
167,Star Detectives
168,Assassination Plots
168,Mental Breakdown
168,Mental Illness
168,Misfits and Outsiders
168,Out For Revenge
169,Eccentric Families
169,Kids in Trouble
170,Heroic Mission
170,Behind Enemy Lines
170,Military Life
171,Assassination Plots
171,Obsessive Quests
171,Inner City Blues
171,Looking For Love
171,Prostitutes
171,Unrequited Love
174,Fantasy Lands
174,Fighting the System
174,Time Travel
174,Unlikely Friendships
176,Hired Killers
176,One Against the Mob
176,Assassination Plots
176,Drug Trade
176,Unlikely Criminals
177,Haunted By the Past
177,Immigrant Life
177,Mind Games
177,Terrorism
178,Witnessing a Crime
178,Conspiracies
178,Lone Wolves
179,Life in the Arts
179,Starting Over
180,Unrequited Love
181,Assumed Identities
181,Gender-Bending
181,Actor's Life
181,Big Break
181,Schemes and Ruses
183,Fantasy Lands
183,Mythical Creatures
183,Obsessive Quests
183,On the Run
184,Conspiracies
184,Dysfunctional Families
184,Family Gatherings
184,Ghosts
184,Kidnapping
184,Race Relations
185,Clearing One's Name
185,Flight of the Innocent
185,Betrayal
185,Miscarriage of Justice
185,On the Run
185,Police Corruption
185,Race Against Time
186,Wanderlust
188,Demonic Possession
188,Crisis of Conscience
189,Fish Out of Water
189,Nothing Goes Right
189,Sibling Relationships
189,Eccentric Families
190,Child Prodigies
190,Fathers and Sons
190,On the Run
190,Psychic Abilities
191,Bohemian Life
191,Doctors and Patients
191,Infidelity
191,Musician's Life
192,Doctors and Patients
192,Haunted By the Past
192,High School Life
192,Murder Investigations
192,Serial Killers
192,Sibling Relationships
192,Woman In Jeopardy
193,Heroic Mission
193,Post-Apocalypse
193,Survival in the Wilderness
193,Zombies
194,Going Undercover
194,Triad
195,Sexual Awakening
196,Assumed Identities
196,Crowned Heads
196,Twins and Lookalikes
197,Mistaken Identities
198,Mothers and Daughters
198,Success is the Best Revenge
198,Murder Investigations
200,Americans Abroad
200,Culture Clash
201,Living With Disability
201,Mutants
201,On the Run
201,Workplace Romance
202,Down on Their Luck
202,Orphans
202,Parenthood
203,Battling Illness
203,Living With Disability
203,Plagues and Epidemics
203,Psychic Abilities
203,Spiritual Awakening
204,Rise To Power
204,Fathers and Sons
204,Mafia Life
204,Crime Sprees
204,Non-Traditional Families
205,Sheriffs and Outlaws
206,Finding a Way Back Home
206,Technology Run Amok
206,Experiments Gone Awry
206,Virtual Reality
207,Taming the West
207,Ranchers
207,Sheriffs and Outlaws
208,Haunted By the Past
208,Servants and Employers
208,Romantic Betrayal
208,Woman In Jeopardy
209,Boss from Hell
209,Infidelity
209,Ladder to the Top
209,Love Triangles
209,Romantic Betrayal
210,Looking For Love
211,Culture Clash
211,Small-Town Life
212,Death of a Parent
212,Discovering One's Heritage
212,First Love
212,High School Life
213,Rogue Cops
213,Drug Trade
214,Chosen One
214,Heroic Mission
214,Robots and Androids
214,Space Wars
215,Demonic Possession
215,Heroic Mission
215,Reluctant Hero
215,Train Rides
216,Kids in Trouble
216,Orphans
217,Clearing One's Name
218,Race Against Time
218,Space Travel
218,Stranded
218,Trapped or Confined
219,Toys Come to Life
219,Daring Rescues
219,Race Against Time
220,Evil Aliens
221,Bullies
221,Dangerous Friends
221,Vampires
222,Crisis of Conscience
222,Trapped or Confined
223,Space Wars
223,Heroic Mission
223,Space Travel
223,Mentors
223,Robots and Androids
224,End of the World
225,Journey of Self-Discovery
225,Star-Crossed Lovers
226,Starting Over
226,Opposites Attract
226,Voyeurs
226,Brief Encounters
227,Magically Transported
227,Wishes Come True
228,Obsessive Quests
228,Riches To Rags
228,Filmmaking
229,Future Dystopias
229,Post-Apocalypse
229,Time Travel
230,Brief Encounters
230,Arranged Marriages
230,Vacation Romances
230,Haunted By the Past
231,Heroic Mission
231,Task Forces
231,When Animals Attack
231,Woman In Jeopardy
232,Flight of the Innocent
232,Unlikely Criminals
232,Fish Out of Water
232,Sheriffs and Outlaws
232,Taming the West
232,Bounty Hunters
233,Unrequited Love
234,Arranged Marriages
235,Forbidden Love
235,Star-Crossed Lovers
235,Street Gangs
236,Life in the Arts
237,Faltering Friendships
237,Haunted By the Past
237,Redemption
237,Switching Sides
237,Taming the West
238,Man's Best Friend
238,Experiments Gone Awry
239,Race Against Time
239,End of the World
239,Great Battles
239,Renegade Body Parts
239,War in the Sky
240,Self-Destructive Romance
240,Star-Crossed Lovers
241,Assumed Identities
241,Heroic Mission
241,Mutants
241,Reluctant Hero
241,Unlikely Heroes
242,Crime Sprees
242,Haunted By the Past
242,Serial Killers
243,Mental Breakdown
243,Mysterious Strangers
243,Trapped or Confined
245,Facing Death
245,High School Life
246,Lone Wolves
246,Out For Revenge
246,Post-Apocalypse
247,Hide the Dead Body
247,Members of the Press
247,Missing Persons
247,Social Climbing
248,Age Disparity Romance
249,Daring Rescues
249,Facing Death
249,Great Battles
249,Heroic Mission
249,Military Life
249,Miraculous Events
249,War At Sea
249,War in the Sky
250,Star-Crossed Lovers
250,Women During Wartime
250,Love Triangles
250,Opposites Attract
250,Servants and Employers
251,Heroic Mission
252,Members of the Press
252,Work Ethics
252,Social Climbing
252,Crime Gone Awry
252,Sibling Relationships
253,Haunted By the Past
253,Military Life
253,Suicide
254,Haunted By the Past
254,Amnesia
254,Obsessive Quests
254,Death of a Partner
254,Femmes Fatales
254,Out For Revenge
254,Mistaken Identities
255,Teachers and Students
255,Mysterious Strangers
255,Innocence Lost
256,Serial Killers
256,Thrill Crime
256,Haunted By the Past
257,Mothers and Sons
257,Haunted By the Past
257,Ghosts
257,Orphans
258,Rape & Sexual Abuse
259,Voodoo
259,Zombies
260,Obsessive Quests
260,Vampires
260,Woman In Jeopardy
261,Obsessive Quests
261,Finding the Cure
261,Experiments Gone Awry
263,Down on Their Luck
263,Going Straight
263,Prostitutes
263,Inner City Blues
263,Unlikely Friendships
263,Culture Clash
264,Heroic Mission
264,Hotshots
264,Race Against Time
264,Secret Organizations
264,Terrorism
265,Infidelity
265,Looking For Love
265,Love Triangles
265,Romantic Misunderstandings
265,Thirtysomething Life
266,Mummies
267,Death Row
267,Mistaken Identities
267,Murder Investigations
267,Wrongly Committed
268,Crowned Heads
268,Curses and Spells
268,Forbidden Love
268,Out For Revenge
269,Facing Death
269,Ghosts
269,Golden Years
269,Haunted By the Past
269,Reincarnation
270,Actor's Life
270,Ladder to the Top
270,Rags To Riches
271,Culture Clash
271,Doctors and Patients
271,Fighting the System
271,Americans Abroad
271,Women During Wartime
272,Evil Aliens
272,Heroic Mission
272,Protecting the Innocent
272,Righting the Wronged
273,Self-Destructive Romance
273,Innocence Lost
273,Message From God
274,Curses and Spells
274,Obsessive Quests
274,Survival in the Wilderness
274,When Animals Attack
275,Behind Enemy Lines
275,Redemption
275,Colonialism
276,Members of the Clergy
277,Wizards and Magicians
277,Boarding School Life
277,Child Prodigies
277,Chosen One
277,Escape From Prison
277,Time Travel
277,Mythical Creatures
277,Witches
278,Future Dystopias
278,Experiments Gone Awry
279,Heroic Mission
279,Sheriffs and Outlaws
280,Lone Wolves
280,Criminal's Revenge
280,Ranchers
280,Star-Crossed Lovers
281,Crumbling Marriages
281,Haunted By the Past
281,Infidelity
282,Rise To Power
282,Haunted By the Past
282,Scandals and Cover-Ups
284,Terror in the Water
284,Disasters at Sea
284,Nightmare Vacations
284,When Animals Attack
285,Prison Life
286,Breakups and Divorces
286,Amnesia
286,Crumbling Marriages
286,Experiments Gone Awry
286,Love Triangles
286,Mind Games
287,Heroic Mission
287,Priceless Artifacts and Prized Objects
287,Race Against Time
287,Treasure Hunts
288,Nothing Goes Right
288,Small-Town Life
288,Thirtysomething Life
289,Ghosts
289,Psychic Abilities
290,Mutants
290,Fighting the System
290,Great Battles
290,Heroic Mission
290,Social Injustice
290,Assassination Plots
292,Deal With the Devil
292,Self-Destructive Romance
293,Daring Rescues
293,Obsessive Quests
293,On the Run
293,Train Rides
293,Nothing Goes Right
294,Knights and Ladies
294,Obsessive Quests
294,Heroic Mission
294,Priceless Artifacts and Prized Objects
294,Treasure Hunts
295,Zombies
295,Plagues and Epidemics
295,Post-Apocalypse
296,Fish Out of Water
296,Vacation Romances
297,Criminal's Revenge
297,Facing Death
297,Families in Crisis
297,One Against the Mob
297,Sheriffs and Outlaws
298,Fighting the System
298,Life Under Occupation
298,Actor's Life
299,Post-Apocalypse
299,Vigilantes
299,Heroic Mission
299,Future Barbarians
299,Future Dystopias
299,Survival in the Wilderness
300,Crimes of Passion
300,Dangerous Attraction
300,Domestic Abuse
300,Football Players
300,Murder Investigations
301,Age Disparity Romance
301,Arranged Marriages
301,Journey of Self-Discovery
301,Looking For Love
301,Romantic Misunderstandings
301,Twentysomething Life
302,Evil Aliens
302,Space Travel
302,Robots and Androids
303,Members of the Press
303,Political Unrest
304,Circuses & Carnivals
304,Mysterious Strangers
304,Race Against Time
305,Miscarriage of Justice
305,Race Relations
305,Social Injustice
306,Criminal's Revenge
306,Double Life
306,Disfigured Criminals
306,Haunted By the Past
306,Great Battles
308,Genie in a Bottle
308,Wizards and Magicians
308,Righting the Wronged
309,Star-Crossed Lovers
309,Jewel Theft
309,All Washed Up
309,Dancer's Life
310,Private Eyes
310,Prostitutes
310,Going Straight
311,Supernatural Romance
311,Taming the West
312,Daring Rescues
312,Hostage Situations
312,Kidnapping
312,Mercenaries
313,Members of the Press
314,Betrayal
314,Facing Death
314,Filmmaking
314,Future Dystopias
314,Great Battles
314,On the Campaign Trail
314,Political Corruption
315,Assassination Plots
315,Conspiracies
316,Heroic Mission
316,Assumed Identities
316,Daring Rescues
316,Lovers Reunited
317,Fantasy Life
318,Ghosts
318,Mind Games
318,Toys Come to Life
319,Haunted By the Past
319,Psychic Abilities
319,Space Travel
320,Journey of Self-Discovery
320,Wanderlust
321,Living In Exile
321,Musician's Life
321,Refugees
321,Trapped or Confined
323,Chosen One
323,Fantasy Lands
323,Heroic Mission
323,Reluctant Hero
325,Mad Scientists
325,Experiments Gone Awry
325,Technology Run Amok
326,Redemption
327,Generation Gap
327,Ghosts
327,Mental Illness
328,Courts Martial
328,Lawyers
328,Race Against Time
328,Unlikely Heroes
329,Women's Friendship
330,Fathers and Daughters
330,Heroic Mission
330,Human Giants
330,Shrunken People
331,Cons and Scams
331,Battle of the Sexes
332,Mental Illness
332,Starting Over
332,"Contests, Pageants and Competitions"
332,Fathers and Sons
332,Breakups and Divorces
332,Forbidden Love
332,Looking For Love
332,Parenthood
333,Pygmalion Stories
333,Opposites Attract
333,Fish Out of Water
333,Rags To Riches
333,Culture Clash
333,Mentors
334,Fantasy Lands
334,Mothers and Sons
334,Runaways
335,Amateur Sleuths
335,Nothing Goes Right
336,Battle of the Sexes
336,Workplace Romance
336,Class Differences
336,Opposites Attract
337,Obsessive Quests
338,Teachers and Students
339,Culture Clash
339,Ranchers
339,Sheriffs and Outlaws
339,Survival in the Wilderness
339,White People Among Indians
340,Musician's Life
341,Benign Aliens
341,Sibling Relationships
341,Managing Parental Relationships [k]
341,Fish Out of Water
341,Heroic Mission
341,Unlikely Friendships
341,Single Parents
342,One Last Heist
342,Sheriffs and Outlaws
343,Heroic Mission
343,Righting the Wronged
343,Taming the West
344,Class Differences
345,Fighting the System
345,Miscarriage of Justice
346,Witches
346,Devil Worship
346,Amateur Sleuths
347,Writer's Life
347,Totalitarian States
348,Cooks and Chefs
348,Mysterious Strangers
349,Innocence Lost
349,Fathers and Sons
349,Small-Town Life
350,Yakuza
350,Technology Run Amok
350,Cyberspace [Anime]
350,Future Dystopias
350,Virtual Reality
350,Computer Paranoia
350,Race Against Time
351,Experiments Gone Awry
351,Kidnapping
352,Hired Killers
352,Time Travel
352,Mothers and Sons
353,War At Sea
353,Great Battles
353,Military Life
354,Ghosts
354,Street Gangs
355,Fantasy Life
355,Task Forces
355,Twins and Lookalikes
355,Wizards and Magicians
357,Crisis of Faith
357,Otherwise Engaged
358,Love Triangles
358,Foibles of Marriage
358,Self-Destructive Romance
358,Unlikely Friendships
358,Faltering Friendships
359,Crowned Heads
359,Rise To Power
360,Double Life
360,Experiments Gone Awry
360,Going Undercover
360,Great Battles
360,Mad Scientists
360,Mutants
360,Supernatural Romance
360,Unrequited Love
361,Fish Out of Water
361,Nightmare Vacations
361,Faltering Friendships
361,Down on Their Luck
361,Actor's Life
362,Crisis of Conscience
362,Infidelity
362,Love Triangles
362,Members of the Press
362,Playing the Field
362,Scandals and Cover-Ups
362,Writer's Life
363,End of the World
363,Fathers and Daughters
363,Heroic Mission
363,Race Against Time
363,Robots and Androids
363,Space Travel
363,Time Travel
364,Bohemian Life
364,Actor's Life
364,Unrequited Love
365,Obsessive Quests
365,Writer's Life
365,Death Row
365,Murder Investigations
366,Space Travel
366,Military Life
367,Virtual Reality
367,Heroic Mission
367,Chosen One
367,Fighting the System
367,Future Dystopias
367,Technology Run Amok
367,Computer Paranoia
367,Post-Apocalypse
368,Twentysomething Life
368,Bohemian Life
369,Fighting the System
369,Love Triangles
369,Americans Abroad
370,Chosen One
370,Fantasy Life
370,Mythical Creatures
370,Mothers and Daughters
370,Servants and Employers
371,Obsessive Quests
371,Sibling Relationships
371,On the Run
372,Age Disparity Romance
372,Love Triangles
372,Mentors
372,Sexual Awakening
373,Rise and Fall Stories
373,Mothers and Sons
373,Fathers and Sons
374,Families in Crisis
374,Fathers and Sons
374,Sibling Relationships
374,Generation Gap
375,Ranchers
375,White People Among Indians
376,Disasters at Sea
376,Facing Death
376,Forces of Nature
376,Ship Cruises
376,Survival in the Wilderness
377,Dangerous Friends
377,Perfect Crime
377,Double Life
378,Mothers and Daughters
378,Haunted By the Past
379,Escape From Prison
379,Nothing Goes Right
379,Assumed Identities
381,Journey of Self-Discovery
381,Starting Over
381,Witches
382,Clearing One's Name
382,Mentors
382,Murder Investigations
382,On the Run
383,Time Travel
383,Heroic Mission
383,Mutants
383,Technology Run Amok
383,Social Injustice
383,Robots and Androids
383,Future Dystopias
384,Class Differences
384,Fathers and Sons
384,Ladder to the Top
384,Opposites Attract
385,Political Unrest
385,Crumbling Marriages
385,Ghosts
386,Obsessive Quests
386,Death of a Friend
386,Kidnapping
386,Ranchers
386,Infidelity
386,Police Corruption
387,First Love
387,Journey of Self-Discovery
388,Heroic Mission
389,Class Differences
389,Political Unrest
389,Crime Sprees
389,Crumbling Marriages
389,Fighting the System
389,Nightmare Vacations
390,Fathers and Daughters
390,Haunted By the Past
391,Bank Robbery
391,Opposites Attract
391,One Last Heist
391,Escape From Prison
391,Kidnapping
392,Great Battles
392,One Against the Mob
392,Task Forces
392,Trapped or Confined
394,Otherwise Engaged
394,Opposites Attract
394,Vacation Romances
394,Looking For Love
395,Cons and Scams
395,Mischievous Children
395,Mothers and Sons
395,Redemption
395,Single Parents
395,Small-Town Life
396,Lone Wolves
396,All Washed Up
396,Faltering Friendships
397,Double Life
397,Going Undercover
397,Police Corruption
397,Mind Games
397,One Against the Mob
398,Evil Aliens
398,Heroic Mission
398,Space Travel
398,Robots and Androids
398,Time Sleepers
399,Eccentric Families
401,Escape From Prison
401,Going Straight
401,Home From the War
402,Domestic Abuse
402,Gender-Bending
402,Love Triangles
403,Cons and Scams
403,Obsessive Quests
403,Out For Revenge
404,Haunted By the Past
405,Heroic Mission
405,Behind Enemy Lines
405,Military Life
405,Obsessive Quests
405,War At Sea
406,Mothers and Daughters
406,Sibling Relationships
406,Blackmail
407,Mind Games
407,Technology Run Amok
407,Virtual Reality
407,Voyeurs
408,Ranchers
408,Vigilantes
408,Sheriffs and Outlaws
409,Evil Aliens
409,Haunted By the Past
409,Heroic Mission
409,Protecting the Innocent
410,Wishes Come True
410,Age Disparity Romance
410,Fish Out of Water
410,Arrested Adolescence
410,Fantasy Life
410,Looking For Love
410,Twentysomething Life
410,Finding a Way Back Home
411,Death of a Child
411,Members of the Clergy
412,Existential Crisis
412,Facing Death
413,Cons and Scams
413,Miscarriage of Justice
413,Trapped or Confined
414,Assumed Identities
414,Big Break
414,Double Life
414,Journey of Self-Discovery
414,Men's Friendship
414,Schemes and Ruses
414,Starting Over
415,Americans Abroad
415,Love Triangles
415,Life in the Arts
416,Twins and Lookalikes
416,Drug Addiction
416,Sibling Relationships
417,Vigilantes
417,Lone Wolves
417,Obsessive Quests
418,Hotshots
418,Mentors
418,Military Life
418,Teachers and Students
418,Under Siege
418,War in the Sky
419,Blackmail
419,Filmmaking
419,Infidelity
419,Party Film
420,Fantasy Life
420,Sexual Awakening
420,Opposites Attract
420,Redemption
421,Families in Crisis
421,Mutants
421,Daring Rescues
421,Dysfunctional Families
421,Mythical Creatures
421,Trapped or Confined
421,When Animals Attack
421,Terror in the Water
422,Culture Clash
422,Fall From Power
422,When Animals Attack
423,Assumed Identities
423,Metamorphosis
423,On the Run
423,Robots and Androids
423,Space Wars
424,"Contests, Pageants and Competitions"
424,Fighting the System
424,Future Barbarians
424,Love Triangles
424,Post-Apocalypse
425,Heroic Mission
425,Curses and Spells
425,Fantasy Lands
425,Race Against Time
425,Treasure Hunts
425,Wizards and Magicians
426,Innocence Lost
427,Sibling Relationships
427,Success is the Best Revenge
428,Police Corruption
429,Private Eyes
429,Faltering Friendships
429,Cons and Scams
429,Femmes Fatales
429,Star Detectives
430,Betrayal
430,Daring Rescues
430,Heroic Mission
430,Hotshots
430,Kidnapping
431,Cons and Scams
431,Dishonor Among Thieves
432,Opposites Attract
433,Culture Clash
433,Musician's Life
433,Small-Town Life
434,Battling Illness
434,Fantasy Lands
434,Innocence Lost
434,Mythical Creatures
435,Class Differences
435,Estrangement
435,Fathers and Daughters
435,Inheritance at Stake
435,Marriages of Convenience
435,Mothers and Sons
435,Reconciliation
436,Fighting the System
437,Benign Aliens
437,Fish Out of Water
437,Rise To Power
437,Mysterious Strangers
438,Actor's Life
438,Dancer's Life
438,Life in the Arts
438,Looking For Love
438,Musician's Life
438,Rags To Riches
438,Star-Crossed Lovers
438,Work Ethics
439,Families in Crisis
439,Dysfunctional Families
439,Fathers and Sons
439,Rape & Sexual Abuse
440,Race Against Time
440,Time Travel
441,Generation Gap
441,Living With Disability
442,Amateur Sleuths
442,Death of a Child
442,Protecting the Innocent
442,Secret Organizations
442,Trapped or Confined
443,Death of a Parent
443,Persecution [Anime]
443,Post-Apocalypse
444,Boss from Hell
444,Down on Their Luck
444,Fighting the System
444,Fired or Laid-Off
444,Righting the Wronged
444,Social Injustice
444,Underdogs
445,Forbidden Love
445,Sexual Awakening
445,Star-Crossed Lovers
445,Infidelity
445,Keeping a Secret
446,Demonic Possession
446,Members of the Clergy
446,Suicide
447,Rise and Fall Stories
448,Escape From Prison
449,Sheriffs and Outlaws
449,Lone Wolves
449,Righting the Wronged
449,Alcoholism
450,Evil Aliens
451,Heroic Mission
452,Arrested Adolescence
452,Evil Aliens
452,Obsessive Quests
453,Flight of the Innocent
453,Sibling Relationships
453,Traitorous Spies/Double Agents
453,Political Corruption
454,Filmmaking
454,Nothing Goes Right
455,Circuses & Carnivals
455,Midlife Crises
455,Vacation Romances
456,Coming Home
456,Cults
456,Out For Revenge
456,Sibling Relationships
457,Great Battles
457,Lone Wolves
457,Ranchers
457,Sheriffs and Outlaws
457,Taming the West
458,Future Dystopias
458,Experiments Gone Awry
458,Heroic Mission
458,Obsessive Quests
458,Robots and Androids
458,Technology Run Amok
459,Death Row
459,Forbidden Love
459,Members of the Clergy
459,Redemption
460,Heroic Mission
460,Immigrant Life
460,Intersecting Lives
460,Midlife Crises
460,Time Travel
460,Unlikely Heroes
461,On the Run
461,Race Relations
461,Survival in the Wilderness
461,Taming the West
462,Redemption
462,Going Straight
462,Hired Killers
463,Amateur Sleuths
463,Haunted By the Past
463,Miscarriage of Justice
463,Murder Investigations
463,Political Corruption
464,Femmes Fatales
464,Hired Killers
464,Treacherous Spouses
465,Creative Block
465,Filmmaking
466,Obsessive Quests
466,White People Among Indians
466,Lone Wolves
466,Culture Clash
467,Disfigured Criminals
467,Police Corruption
467,Crime Sprees
467,Heroic Mission
467,Journey of Self-Discovery
467,Double Life
468,Flight of the Innocent
468,Private Eyes
468,Miscarriage of Justice
470,Lovers Reunited
470,Assumed Identities
471,Righting the Wronged
471,Culture Clash
472,Future Dystopias
472,Split Personalities
472,Totalitarian States
473,Generation Gap
473,High School Life
473,Kids in Trouble
473,Teen Angst
475,Double Life
475,Infidelity
475,Prostitutes
477,Lone Wolves
477,Bodyguards
477,Righting the Wronged
478,Robots and Androids
478,End of the World
478,Great Battles
478,Heroic Mission
478,Metamorphosis
478,Post-Apocalypse
478,Time Travel
480,Dangerous Friends
480,Mental Breakdown
480,Nightmare Vacations
481,Death of a Child
481,Haunted By the Past
481,Nightmare Vacations
481,Psychic Abilities
481,Mental Illness
482,Post-Apocalypse
482,Survival in the Wilderness
482,When Animals Attack
483,Post-Apocalypse
483,Future Barbarians
484,All Washed Up
484,Musician's Life
484,Nothing Goes Right
485,Amateur Sleuths
485,Witnessing a Crime
485,Murder Investigations
486,Vampires
486,Woman In Jeopardy
487,Protecting the Innocent
488,Culture Clash
488,Fighting the System
489,Foibles of Marriage
490,Women's Friendship
491,Dishonor Among Thieves
491,Going Undercover
491,One Against the Mob
491,Police Corruption
492,Class Differences
492,Social Climbing
492,Culture Clash
492,On the Campaign Trail
492,Infidelity
492,Romantic Betrayal
492,Social Injustice
492,Intersecting Lives
492,Musician's Life
493,Fantasy Life
494,Inner City Blues
494,Race Relations
494,Interracial/Cross-Cultural Romance
495,Totalitarian States
496,Psychic Abilities
496,Ghosts
496,Toys Come to Life
496,Suburban Dysfunction
497,Facing Death
498,Fathers and Sons
499,Future Dystopias
499,Heroic Mission
499,Robots and Androids
499,Time Travel
499,Totalitarian States
500,Facing Death
500,Forces of Nature
500,Out For Revenge
500,Survival in the Wilderness
500,When Animals Attack
500,White People Among Indians
501,Down on Their Luck
501,Unlikely Criminals
502,Class Differences
502,Facing Death
502,Future Dystopias
502,Heroic Mission
502,Robots and Androids
502,Social Injustice
503,Rogue Cops
503,Lone Wolves
503,Murder Investigations
503,Serial Killers
504,Musician's Life
504,Generation Gap
504,Culture Clash
505,Rogue Cops
505,Out For Revenge
505,Vigilantes
505,Fighting the System
506,Out For Revenge
506,Bounty Hunters
506,Sheriffs and Outlaws
506,Redemption
507,Mental Breakdown
507,Single Parents
508,Infidelity
508,Redemption
509,Mind Games
509,Robots and Androids
509,Technology Run Amok
510,Behind Enemy Lines
510,Colonialism
510,Culture Clash
510,Life Under Occupation
510,Men's Friendship
510,Mercenaries
510,Misfits and Outsiders
510,Unlikely Friendships
511,Toys Come to Life
511,Curses and Spells
511,Obsessive Quests
512,Amateur Sleuths
512,Missing Persons
512,Police Corruption
512,Conspiracies
512,Miscarriage of Justice
513,Hostage Situations
513,Prison Life
513,Race Relations
513,Social Injustice
514,Star Detectives
514,Private Eyes
514,Femmes Fatales
516,Cinderella Stories
517,Experiments Gone Awry
517,Mad Scientists
519,Culture Clash
519,Filmmaking
520,Fantasy Lands
520,Mythical Creatures
521,Love Triangles
521,Self-Destructive Romance
521,Political Unrest
521,Opposites Attract
522,Heroic Mission
522,Fantasy Lands
522,Race Against Time
522,Wizards and Magicians
523,Ladder to the Top
523,Love Triangles
523,Lovers Reunited
523,Romantic Betrayal
525,Filmmaking
526,Fighting the System
526,Assassination Plots
526,Conspiracies
526,Political Corruption
526,Totalitarian States
527,Robots and Androids
527,Heroic Mission
527,Out For Revenge
527,Terrorism
528,Eccentric Families
528,Nothing Goes Right
529,Eccentric Families
529,Mothers and Sons
529,Single Parents
530,Labor Unions
530,Sibling Relationships
530,Fighting the System
530,Death in the Family
530,Fired or Laid-Off
530,Whistleblowers
531,Talking Animals
531,Underdogs
531,Farm Life
531,Talented Animals
532,Forbidden Love
532,Haunted By the Past
532,Private Eyes
532,Self-Destructive Romance
533,Wanderlust
533,Dropping Out
533,Dangerous Friends
534,Sheriffs and Outlaws
534,Sibling Relationships
535,Midlife Crises
535,Underdogs
536,Crime Gone Awry
536,Police Corruption
536,Fighting the System
536,Miscarriage of Justice
537,Miscarriage of Justice
537,Sheriffs and Outlaws
537,Social Injustice
538,Fantasy Lands
538,Supernatural Romance
538,Fish Out of Water
538,Immortality
538,Circuses & Carnivals
539,Down on Their Luck
539,Brief Encounters
540,Keeping a Secret
540,Mind Games
540,Sibling Relationships
541,Dangerous Attraction
541,Double Life
541,Haunted By the Past
541,Love Triangles
541,Metamorphosis
542,Americans Abroad
542,Assumed Identities
542,Betrayal
542,Cons and Scams
542,Jewel Theft
542,Nothing Goes Right
542,Out For Revenge
543,Gender-Bending
543,Musician's Life
544,Ghosts
544,On the Run
544,Serial Killers
544,Trapped or Confined
546,Sheriffs and Outlaws
548,Monkeys
548,Lost Worlds
549,Bank Robbery
549,Unlikely Heroes
550,Betrayal
550,Big Break
550,Coaches and Players
550,"Contests, Pageants and Competitions"
550,Fall From Power
550,Nothing Goes Right
550,Rise and Fall Stories
551,Psychic Abilities
551,Families in Crisis
551,Trapped or Confined
551,Writer's Life
552,Criminal's Revenge
552,Mind Games
552,Southern Gothic
552,Woman In Jeopardy
553,Rise and Fall Stories
553,Haunted By the Past
553,Great Battles
553,Romantic Betrayal
554,Dangerous Friends
554,Vampires
554,Zombies
555,Immortality
555,Mothers and Daughters
555,Vampires
556,Out For Revenge
556,Unlikely Friendships
556,Sheriffs and Outlaws
557,Rise and Fall Stories
557,Innocence Lost
557,Rags To Riches
557,Drug Addiction
557,Custody Battles
559,Obsessive Quests
559,Future Dystopias
559,Post-Apocalypse
560,Fathers and Sons
560,Filmmaking
561,Serial Killers
561,Zombies
562,Ghosts
563,Small-Town Life
563,Mistaken Identities
564,Murder Investigations
564,Serial Killers
564,Crime Sprees
564,Mind Games
566,Crumbling Marriages
566,Wedding Bells
567,Doctors and Patients
568,Out For Revenge
568,Sheriffs and Outlaws
568,Faltering Friendships
569,Boss from Hell
569,Crimes Against Humanity
569,Families in Crisis
570,Crime Sprees
570,Escape From Prison
570,Social Injustice
570,Wrongly Committed
571,Immigrant Life
571,Mothers and Sons
572,Out For Revenge
572,Fathers and Sons
572,Ranchers
573,Voyeurs
573,Amateur Sleuths
573,Murder Investigations
573,Witnessing a Crime
574,Underdogs
574,Ghosts
574,Heroic Mission
574,Task Forces
574,Unlikely Heroes
575,Daring Rescues
575,Heroic Mission
575,Unlikely Heroes
575,Toys Come to Life
576,Future Dystopias
576,Protecting the Innocent
576,Heroic Mission
576,Miraculous Events
576,Race Against Time
576,Totalitarian States
577,Message From God
578,Unrequited Love
578,Starting Over
578,Self-Destructive Romance
579,Musician's Life
580,Fathers and Sons
580,Out For Revenge
581,Mental Illness
582,Crisis of Conscience
582,Infidelity
582,Filmmaking
582,Love Triangles
583,Doctors and Patients
583,Fighting the System
583,Mental Illness
583,Wrongly Committed
584,Eccentric Families
584,Mischievous Children
584,Bullies
585,Disasters at Sea
585,Down on Their Luck
585,Facing Death
585,First Love
585,Forces of Nature
585,Supernatural Romance
585,Survival in the Wilderness
586,Fathers and Daughters
586,Wedding Bells
587,Treasure Hunts
588,Battle of the Sexes
588,Journey of Self-Discovery
588,Members of the Press
588,Opposites Attract
588,Redemption
588,Small-Town Life
588,Time Travel
588,Trapped or Confined
588,Fish Out of Water
589,Heroic Mission
589,Mothers and Daughters
589,Crisis of Faith
590,Lone Wolves
590,Age Disparity Romance
590,Bounty Hunters
590,Crisis of Conscience
591,Dishonor Among Thieves
591,Sheriffs and Outlaws
591,Betrayal
592,Alcoholism
592,Dysfunctional Families
592,Rags To Riches
592,Redemption
592,Riches To Rags
593,Assassination Plots
593,Behind the Iron Curtain
593,Facing Death
593,Heads of State
593,Military Life
593,Political Corruption
593,Political Unrest
593,Rise To Power
594,Dancer's Life
594,Love Triangles
594,Star-Crossed Lovers
595,Lone Wolves
595,Out For Revenge
595,Woman In Jeopardy
595,Haunted By the Past
595,Widows and Widowers
595,Love Triangles
596,Out For Revenge
596,Race Relations
596,Sheriffs and Outlaws
597,Mad Scientists
597,Serial Killers
597,Fantasy Life
597,Woman In Jeopardy
598,Love Triangles
598,Lovers Reunited
599,Otherwise Engaged
599,Wedding Bells
600,Nightmare Vacations
600,Cannibals
601,Heroic Mission
601,Time Sleepers
602,Daring Rescues
602,Heroic Mission
602,Righting the Wronged
603,Miscarriage of Justice
603,Sibling Relationships
603,Political Unrest
604,Crime Sprees
604,Lovers on the Lam
604,On the Run
604,Thrill Crime
605,Assumed Identities
605,Out For Revenge
605,Serial Killers
606,Class Differences
606,Infidelity
606,Sibling Relationships
607,Evil Aliens
607,Future Dystopias
607,On the Run
607,Single Parents
608,Inner City Blues
608,Race Relations
609,Prospectors and Land Rights
609,Nothing Goes Right
611,Fantasy Lands
611,Heroic Mission
611,Journey of Self-Discovery
611,Mythical Creatures
611,Obsessive Quests
611,Questioning Gender Roles
612,Fish Out of Water
613,Treacherous Spouses
613,Dangerous Attraction
613,Femmes Fatales
613,Crimes of Passion
615,Death Row
615,Going Straight
615,Prison Life
616,Heroic Mission
617,Ranchers
617,Generation Gap
617,Lone Wolves
617,Taming the West
618,Street Gangs
618,Inner City Blues
618,Kids in Trouble
619,Single Life
619,Twentysomething Life
620,Fish Out of Water
620,Reincarnation
620,Supernatural Romance
621,Breakups and Divorces
621,Writer's Life
622,Fighting the System
623,Fighting the System
623,Members of the Press
623,Whistleblowers
624,Home From the War
624,Supernatural Romance
625,Down on Their Luck
625,Single Parents
625,Unlikely Criminals
626,Race Relations
626,Sheriffs and Outlaws
627,Dangerous Attraction
627,Mind Games
627,Teachers and Students
627,Teen Angst
627,Voyeurs
628,Bumbling Cops
628,Crime Sprees
628,Lovers on the Lam
628,Miscarriage of Justice
629,Curses and Spells
629,Deal With the Devil
629,Fathers and Daughters
629,Fish Out of Water
629,Mythical Creatures
630,Intersecting Lives
631,Haunted By the Past
631,Taming the West
631,Unlikely Heroes
633,Miscarriage of Justice
633,Race Relations
635,Journey of Self-Discovery
635,New Kid in Town
636,Date from Hell
636,Mutants
637,Mind Games
637,Rookie Cops
637,Serial Killers
637,Cannibals
637,Haunted By the Past
637,Kidnapping
637,Murder Investigations
637,Trapped or Confined
638,Fish Out of Water
639,Lovers on the Lam
639,Vigilantes
640,Forbidden Love
640,Love Triangles
641,Mysterious Strangers
641,Sibling Relationships
641,Trapped or Confined
642,Breakups and Divorces
642,Brief Encounters
642,Forbidden Love
642,Mistaken Identities
642,Opposites Attract
643,Opposites Attract
644,Down on Their Luck
644,Immigrant Life
644,Innocence Lost
644,Orphans
645,Haunted By the Past
645,Starting Over
645,Wedding Bells
646,Down on Their Luck
646,Lone Wolves
647,Heroic Mission
647,Colonialism
647,Military Life
647,Great Battles
648,Zombies
649,Disfigured Criminals
649,Serial Killers
649,Woman In Jeopardy
650,Eccentric Families
650,Miscarriage of Justice
650,Sibling Relationships
651,Computer Paranoia
651,Mental Illness
651,Witnessing a Crime
652,Death of a Friend
652,Forces of Nature
652,Wanderlust
652,Writer's Life
653,Fathers and Daughters
653,Midlife Crises
653,Starting Over
654,Filmmaking
655,Femmes Fatales
656,Future Dystopias
656,Lovers on the Lam
656,Single Life
657,Mistaken Identities
658,Actor's Life
659,Curses and Spells
659,Fantasy Lands
659,Lost Worlds
659,Mind Games
659,Missing Persons
659,Out For Revenge
659,Unlikely Friendships
659,Wizards and Magicians
660,Nannies and Caregivers
660,Opposites Attract
660,Members of the Clergy
660,Servants and Employers
660,Widows and Widowers
660,Life Under Occupation
661,Filmmaking
662,Cannibals
662,College Life
662,Innocence Lost
662,Sibling Relationships
663,Kids in Trouble
663,Political Unrest
664,Fantasy Lands
664,Great Battles
664,Heroic Mission
664,Unlikely Heroes
665,Immigrant Life
667,Crumbling Marriages
667,Infidelity
668,Serial Killers
668,Assumed Identities
668,Cannibals
668,Out For Revenge
669,Nothing Goes Right
669,Unlikely Heroes
669,Air Disasters
670,First Love
670,High School Life
670,Love Triangles
670,Psychic Abilities
671,Car Racing
671,"Contests, Pageants and Competitions"
671,Ladder to the Top
671,Underdogs
673,Chosen One
673,Future Dystopias
673,Virtual Reality
674,Boxers
674,Domestic Abuse
674,Dysfunctional Families
674,Families in Crisis
674,Redemption
674,Sibling Relationships
674,All Washed Up
675,Death of a Parent
675,Sibling Relationships
676,Star-Crossed Lovers
676,Political Unrest
676,Lovers Reunited
677,Americans Abroad
677,Lone Wolves
678,Crumbling Marriages
678,Faltering Friendships
678,Thirtysomething Life
679,Benign Aliens
679,Chosen One
679,Evil Aliens
679,Haunted By the Past
679,Heroic Mission
679,Miraculous Events
679,Mysterious Strangers
680,Lone Wolves
680,Survival in the Wilderness
680,White People Among Indians
680,Out For Revenge
681,Cons and Scams
681,Mothers and Sons
681,Criminal's Revenge
682,Down on Their Luck
682,Misfits and Outsiders
682,Women's Friendship
682,Work Ethics
683,Filmmaking
683,Actor's Life
683,Pygmalion Stories
684,Obsessive Quests
684,Assassination Plots
684,Existential Crisis
684,Keeping a Secret
684,Military Life
684,Mind Games
684,Switching Sides
684,Task Forces
686,Double Life
686,Arranged Marriages
686,Dangerous Attraction
686,Assassination Plots
687,Haunted By the Past
687,Small-Town Life
687,Vigilantes
687,Assumed Identities
688,Death Row
688,Prostitutes
689,Escape From Prison
689,Fighting the System
689,Lone Wolves
689,Sheriffs and Outlaws
690,Class Differences
690,Rags To Riches
690,Orphans
690,Star-Crossed Lovers
690,Haunted By the Past
691,Lone Wolves
691,Mental Breakdown
691,Teen Angst
692,Trading Bodies
692,Love Triangles
692,Gender-Bending
692,Success is the Best Revenge
692,Reincarnation
693,Conspiracies
693,Political Corruption
693,Writer's Life
694,Sibling Relationships
694,Single Parents
696,Opposites Attract
697,Private Eyes
698,Haunted By the Past
699,Great Battles
699,Political Unrest
699,Social Injustice
700,Haunted By the Past
701,Sibling Relationships
701,Taming the West
703,Robots and Androids
704,Vampires
706,Femmes Fatales
706,Hired Killers
706,Hostage Situations
706,Kidnapping
706,Mafia Life
706,Mind Games
707,Experiments Gone Awry
707,Future Dystopias
707,Post-Apocalypse
707,Psychic Abilities
708,All Washed Up
708,Cons and Scams
709,Down on Their Luck
709,Musician's Life
709,Underdogs
710,Boxers
710,Rise and Fall Stories
711,Murder Investigations
711,Crime Sprees
711,Serial Killers
711,Cults
711,Dangerous Friends
712,Crisis of Conscience
712,Secret Organizations
712,Totalitarian States
712,Writer's Life
712,Traitorous Spies/Double Agents
712,Conspiracies
712,Actor's Life
713,Dangerous Friends
713,Missing Persons
713,Murder Investigations
713,Mysterious Strangers
713,Woman In Jeopardy
714,Vampires
715,Forbidden Love
715,Vampires
716,Redemption
716,Ghosts
718,Love Triangles
718,Arranged Marriages
718,Colonialism
718,Culture Clash
718,Starting Over
719,Fantasy Lands
719,Finding a Way Back Home
719,On the Run
719,Toys Come to Life
720,Flight of the Innocent
720,Mistaken Identities
722,Men's Friendship
723,Ghosts
723,Prostitutes
724,Miscarriage of Justice
724,Sheriffs and Outlaws
725,Love Triangles
726,Star Detectives
728,Vampires
728,Heads of State
728,Social Injustice
729,Technology Run Amok
729,When Animals Attack
730,Alcoholism
730,Crumbling Marriages
730,Death in the Family
730,Dysfunctional Families
730,Family Gatherings
730,Keeping a Secret
730,Mothers and Daughters
730,Parenthood
731,Foibles of Marriage
731,Infidelity
733,Conspiracies
733,Members of the Press
733,Political Corruption
734,Eccentric Families
734,Sibling Relationships
734,Existential Crisis
734,Infidelity
734,Love Triangles
734,Family Gatherings
735,Americans Abroad
735,Crowned Heads
735,Forbidden Love
735,Assumed Identities
736,Political Corruption
737,Obsessive Quests
737,Race Against Time
739,Discovering One's Heritage
739,Filmmaking
739,Obsessive Quests
739,Talking Animals
740,Haunted By the Past
740,Out For Revenge
740,Rape & Sexual Abuse
741,End of the World
741,Evil Aliens
742,Home From the War
742,Haunted By the Past
743,Haunted By the Past
743,Obsessive Quests
743,Reincarnation
743,Vampires
743,Woman In Jeopardy
744,Nightmare Vacations
744,Survival in the Wilderness
744,Culture Clash
744,Southern Gothic
745,Vampires
745,Haunted By the Past
745,Love Triangles
745,Obsessive Quests
745,Reincarnation
745,Woman In Jeopardy
746,Prospectors and Land Rights
746,Redemption
746,Ranchers
747,Time Travel
747,Heroic Mission
747,Fish Out of Water
749,Bank Robbery
749,Discovering One's Heritage
749,Mentors
749,Sheriffs and Outlaws
750,Heroic Mission
750,Traitorous Spies/Double Agents
752,Mothers and Daughters
752,Eccentric Families
752,Battling Illness
752,Infidelity
752,Dying Young
752,Opposites Attract
753,Brief Encounters
753,Infidelity
754,Double Life
754,Heroic Mission
755,Nothing Goes Right
755,Fish Out of Water
755,Nightmare Vacations
755,Ship Cruises
756,Amateur Sleuths
756,Clearing One's Name
756,Dangerous Friends
756,Mothers and Sons
756,Murder Investigations
757,Mythical Creatures
757,Wizards and Magicians
758,Drug Trade
758,Task Forces
759,Social Injustice
759,Underdogs
759,Culture Clash
760,Plagues and Epidemics
760,Trapped or Confined
761,Cons and Scams
761,Love Triangles
762,Miraculous Events
764,Political Unrest
764,Colonialism
764,Social Injustice
765,Journey of Self-Discovery
765,Mythical Creatures
765,Fantasy Lands
765,Heroic Mission
765,Magically Transported
766,Death in the Family
766,Mothers and Daughters
766,Twins and Lookalikes
768,Lone Wolves
768,Bounty Hunters
768,Criminal's Revenge
768,Sheriffs and Outlaws
768,Survival in the Wilderness
769,Missing Persons
769,Star Detectives
770,Prison Life
770,Escape From Prison
771,Crime Gone Awry
771,Dangerous Friends
771,Haunted By the Past
771,Kidnapping
771,Kids in Trouble
771,Mental Breakdown
771,Obsessive Quests
771,Out For Revenge
771,Stalkers
771,Trapped or Confined
771,Woman In Jeopardy
772,Crime Sprees
772,Out For Revenge
772,Unlikely Criminals
772,Widows and Widowers
772,Women's Friendship
773,Heroic Mission
773,Obsessive Quests
773,Out For Revenge
773,Space Travel
775,Biotechnology [Anime]
775,Robots and Androids
775,Task Forces
775,Technology Run Amok
776,Police Corruption
776,Political Corruption
776,Social Injustice
776,Street Gangs
777,Crisis of Conscience
777,Opposites Attract
777,Redemption
778,Race Relations
778,White People Among Indians
779,Out For Revenge
779,Political Corruption
779,Heroic Mission
779,Hired Killers
779,Lone Wolves
780,Cinderella Stories
780,Curses and Spells
780,Knights and Ladies
782,Down on Their Luck
782,Orphans
782,Class Differences
782,Rags To Riches
782,Runaways
782,Authority Figures [k]
782,Street Gangs
783,Post-Apocalypse
783,Space Travel
784,Fathers and Daughters
784,Wedding Bells
785,Tortured Genius
785,Musician's Life
785,Bohemian Life
785,Child Prodigies
786,Death in the Family
786,Dysfunctional Families
786,Families in Crisis
786,Invisible People
787,Future Dystopias
787,Monkeys
787,Space Travel
787,Time Travel
788,Domestic Abuse
788,Invisible People
788,Stalkers
788,Suicide
788,Woman In Jeopardy
789,Death in the Family
789,Midlife Crises
789,Work Ethics
789,Family Gatherings
789,First Love
789,Lovers Reunited
790,Unlikely Heroes
790,Cons and Scams
790,Amateur Sleuths
791,Criminal's Revenge
791,Evil Aliens
791,Heroic Mission
791,Righting the Wronged
792,Fighting the System
792,Social Injustice
793,Ghosts
794,Rise To Power
794,Fighting the System
794,Race Relations
794,Inner City Blues
794,Assassination Plots
794,Conspiracies
795,Going Undercover
795,Sheriffs and Outlaws
796,Facing Death
796,Mental Breakdown
796,Mothers and Sons
796,Woman In Jeopardy
798,Star-Crossed Lovers
798,Heroic Mission
798,Opposites Attract
799,Doctors and Patients
799,Kidnapping
799,Mental Breakdown
799,Mental Illness
799,Schemes and Ruses
799,Stalkers
799,Wrongly Committed
800,Bumbling Cops
800,College Life
800,Going Undercover
800,Men's Friendship
801,Self-Destructive Romance
802,Fighting the System
802,Unrequited Love
802,Prostitutes
802,Star-Crossed Lovers
802,Drug Addiction
803,Writer's Life
803,Filmmaking
803,Fish Out of Water
804,Forbidden Love
804,Unlikely Friendships
804,Zombies
805,Rags To Riches
805,Social Climbing
805,Social Injustice
805,Work Ethics
807,Fathers and Daughters
807,Fighting the System
807,Miscarriage of Justice
809,Conspiracies
809,Drug Trade
809,Going Undercover
809,Heroic Mission
809,One Against the Mob
809,Police Corruption
809,Rogue Cops
809,Scandals and Cover-Ups
809,Switching Sides
809,Task Forces
810,Doctors and Patients
810,Facing Death
810,Farm Life
810,Horses
810,Journey of Self-Discovery
810,Ranchers
810,Spiritual Awakening
810,Starting Over
811,Death in the Family
811,Families in Crisis
812,Lovers on the Lam
812,Bank Robbery
812,On the Run
812,Crime Gone Awry
812,One Last Heist
813,One Last Heist
813,Dishonor Among Thieves
813,Jewel Theft
814,Down on Their Luck
814,Fighting the System
814,Fish Out of Water
814,Orphans
814,Unlikely Friendships
815,Coming Home
815,Suicide
816,Flight of the Innocent
816,Haunted By the Past
816,Orphans
816,Social Injustice
817,Bounty Hunters
817,Criminal's Revenge
817,Lone Wolves
817,Righting the Wronged
817,Sheriffs and Outlaws
817,Vigilantes
818,Crumbling Marriages
818,Filmmaking
818,Obsessive Quests
819,Daring Rescues
819,Hostage Situations
819,Race Against Time
819,Rogue Cops
819,Terrorism
819,Unlikely Heroes
820,Car Racing
820,Daring Rescues
820,Fighting the System
820,Future Barbarians
820,Lone Wolves
820,Misfits and Outsiders
820,Mutants
820,On the Run
820,One Against the Mob
820,Post-Apocalypse
821,Lost Worlds
821,Heroic Mission
821,Survival in the Wilderness
822,Orphans
822,Rags To Riches
822,First Love
823,Ladder to the Top
823,Underdogs
824,Mecha [Anime]
824,Secret Organizations
825,Amateur Sleuths
825,Benign Aliens
825,Small-Town Life
826,Fish Out of Water
826,Kids in Trouble
826,Survival in the Wilderness
827,Trapped or Confined
828,Facing Death
828,Family Gatherings
828,Post-Apocalypse
828,Survival in the Wilderness
829,On the Run
829,Rise and Fall Stories
829,Escape From Prison
829,Bank Robbery
829,Prostitutes
830,Work Ethics
830,Battle of the Sexes
830,Members of the Press
830,Political Corruption
830,Suicide
831,Sexual Awakening
832,Starting Over
833,Assassination Plots
833,Behind Enemy Lines
833,Great Battles
833,Heroic Mission
833,Life Under Occupation
833,Out For Revenge
834,Generation Gap
835,Rags To Riches
835,Prospectors and Land Rights
835,Success is the Best Revenge
835,Rise and Fall Stories
836,Political Unrest
837,Cons and Scams
837,Mind Games
837,Crime Gone Awry
837,Assumed Identities
837,Hotshots
837,Police Corruption
838,Disasters at Sea
838,Haunted By the Past
838,Keeping a Secret
838,Mental Breakdown
838,Mythical Creatures
838,Stranded
839,Faltering Friendships
839,Foibles of Marriage
839,Men's Friendship
839,Mind Games
839,Playing the Field
839,Schemes and Ruses
839,Unlikely Friendships
841,Dangerous Attraction
841,Serial Killers
841,Small-Town Life
841,Opposites Attract
842,Toys Come to Life
843,Plagues and Epidemics
843,Post-Apocalypse
843,Unlikely Friendships
843,Zombies
844,Dangerous Friends
844,Kidnapping
844,Out For Revenge
844,Party Film
844,Stalkers
845,Werewolves
845,Americans Abroad
845,Race Against Time
846,Bumbling Cops
846,Going Undercover
846,High School Life
846,Men's Friendship
846,Rookie Cops
846,Unlikely Heroes
847,Southern Gothic
847,Crumbling Marriages
847,Sibling Relationships
848,Rise and Fall Stories
848,Escape From Prison
849,Orphans
849,Inheritance at Stake
849,Righting the Wronged
850,Creative Block
850,Writer's Life
851,Fighting the System
851,Political Corruption
851,Social Injustice
851,Underdogs
852,Criminal's Revenge
852,Dishonor Among Thieves
852,Treacherous Spouses
853,Mecha [Anime]
853,Mutants
853,Post-Apocalypse
853,Robots and Androids
854,Double Life
854,Serial Killers
854,Innocence Lost
854,Families in Crisis
854,Fathers and Daughters
854,Suburban Dysfunction
854,Wolf in Sheep's Clothing
855,Filmmaking
855,Haunted By the Past
855,Dangerous Attraction
855,Members of the Clergy
855,First Love
855,Gender-Bending
856,Journey of Self-Discovery
856,Musician's Life
857,Invisible People
857,Experiments Gone Awry
857,Mad Scientists
858,Fantasy Lands
859,Disasters at Sea
859,Heroic Mission
859,Stranded
859,Suicide
859,Terror in the Water
859,When Animals Attack
859,Writer's Life
860,Bank Robbery
860,Crime Sprees
860,Lovers on the Lam
861,Hired Killers
862,Stalkers
865,Age Disparity Romance
865,Love Triangles
865,Sexual Awakening
865,Generation Gap
865,Suburban Dysfunction
865,College Life
865,Dropping Out
865,Existential Crisis
865,Forbidden Love
865,Mothers and Daughters
865,Infidelity
866,Curses and Spells
866,Demonic Possession
867,Benign Aliens
867,Obsessive Quests
867,Mothers and Sons
867,Missing Persons
868,Experiments Gone Awry
868,Forces of Nature
868,Mad Scientists
868,Technology Run Amok
868,When Animals Attack
869,Lovers on the Lam
869,Crime Sprees
869,Self-Destructive Romance
870,White People Among Indians
870,Culture Clash
870,Social Injustice
871,Breakups and Divorces
871,Opposites Attract
872,Fathers and Daughters
872,Otherwise Engaged
872,Wedding Bells
872,Opposites Attract
872,Class Differences
873,Mind Games
873,Perfect Crime
873,Treacherous Spouses
873,Femmes Fatales
873,Mental Breakdown
874,Inheritance at Stake
874,Mothers and Sons
874,Rags To Riches
875,Dysfunctional Families
875,Sibling Relationships
875,Crumbling Marriages
875,Servants and Employers
876,Curses and Spells
876,Daring Rescues
876,Fantasy Lands
876,Heroic Mission
876,Mythical Creatures
876,Opposites Attract
878,Bank Robbery
878,Fantasy Life
878,Virtual Reality
879,Daring Rescues
880,Kaiju
880,Mutants
881,Boxers
881,Underdogs
882,Intersecting Lives
882,Showing Feelings [k]
882,Unlikely Friendships
882,Unlikely Heroes
883,Haunted By the Past
883,Heroic Mission
883,Race Against Time
884,Matchmakers
884,Arranged Marriages
884,Fathers and Daughters
884,Small-Town Life
884,Social Injustice
885,Unlikely Criminals
885,Kidnapping
885,Mercenaries
885,Parenthood
885,Escape From Prison
886,Haunted By the Past
886,Fathers and Daughters
886,Death of a Child
886,Redemption
886,Infidelity
887,Sheriffs and Outlaws
887,Prospectors and Land Rights
888,Crowned Heads
888,Misfits and Outsiders
888,Men's Friendship
888,Miraculous Events
889,Future Dystopias
889,Social Injustice
889,Fighting the System
889,Technology Run Amok
889,Robots and Androids
891,Brief Encounters
892,Evil Aliens
892,Heroic Mission
892,Priceless Artifacts and Prized Objects
893,Ghosts
893,Curses and Spells
893,Death of a Child
893,Lawyers
894,Heroic Mission
894,Unlikely Heroes
895,Fathers and Sons
895,Heroic Mission
895,Missing Persons
895,Space Travel
896,Crimes Against Humanity
896,Switching Sides
896,Heroic Mission
896,Protecting the Innocent
896,Redemption
896,Righting the Wronged
897,Boxers
897,Underdogs
897,Redemption
899,Curses and Spells
899,Witches
900,Death of a Partner
900,Haunted By the Past
900,Out For Revenge
901,Faltering Friendships
901,Message From God
901,Redemption
902,Mentors
902,Small-Town Life
902,Sexual Awakening
903,Dangerous Attraction
903,Disfigured Criminals
903,Unrequited Love
903,Woman In Jeopardy
904,Hired Killers
904,Labor Unions
904,Mafia Life
904,Missing Persons
905,Haunted By the Past
905,Lovers Reunited
905,Technology Run Amok
906,Class Differences
906,Servants and Employers
906,Party Film
907,Fish Out of Water
907,Mischievous Children
907,Obsessive Quests
907,Toys Come to Life
908,Bounty Hunters
908,Lone Wolves
908,Hired Killers
908,Political Unrest
908,Treasure Hunts
909,Drug Addiction
909,Fathers and Sons
909,Opposites Attract
910,Fantasy Lands
910,Heroic Mission
910,Fighting the System
911,End of the World
911,Robots and Androids
911,Space Travel
912,Life in the Arts
912,Actor's Life
912,Bohemian Life
912,Creative Block
913,Chosen One
913,Evil Aliens
913,Future Dystopias
913,Mecha [Anime]
913,Task Forces
913,Time Sleepers
914,Inner City Blues
914,Crime Gone Awry
914,Down on Their Luck
915,Lovers on the Lam
916,Cliques
916,Dishonor Among Thieves
917,Hijackings
917,Race Against Time
917,Hostage Situations
917,Heroic Mission
917,Rogue Cops
917,Terrorism
917,Unlikely Heroes
918,Age Disparity Romance
918,Estrangement
918,Facing Death
918,Fathers and Sons
918,Golden Years
918,Questioning Sexuality
920,Crisis of Conscience
920,Fathers and Sons
921,Sheriffs and Outlaws
921,Taming the West
922,Experiments Gone Awry
922,Mutants
922,Inventors
922,Mad Scientists
923,Mafia Life
923,Murder Investigations
923,Political Corruption
924,Haunted By the Past
924,Supernatural Romance
925,Mothers and Daughters
925,Haunted By the Past
925,Sexual Awakening
925,Doctors and Patients
925,Ship Cruises
926,Battle of the Sexes
927,Dancer's Life
927,Class Differences
927,Faltering Friendships
927,Inner City Blues
927,Social Climbing
927,Twentysomething Life
928,Fantasy Lands
928,Mythical Creatures
928,Finding a Way Back Home
929,Opposites Attract
930,Crumbling Marriages
930,Expecting a Baby
930,Families in Crisis
930,Infidelity
930,Nothing Goes Right
930,Office Politics
930,Romantic Betrayal
931,Voyeurs
931,Filmmaking
932,Crowned Heads
932,Fall From Power
932,Political Unrest
933,Ghosts
934,Brief Encounters
934,Class Differences
934,Looking For Love
934,Love Triangles
934,Mysterious Strangers
934,Out For Revenge
934,Unlikely Criminals
935,Future Dystopias
935,Fighting the System
935,Technology Run Amok
935,Totalitarian States
937,Political Corruption
937,Political Unrest
937,Saintly Fools
938,Lone Wolves
938,Heroic Mission
938,Hostage Situations
938,Daring Rescues
938,Future Barbarians
938,Kidnapping
938,Mercenaries
938,Race Against Time
938,Reluctant Hero
938,Wrestling
939,Class Differences
939,Treacherous Spouses
939,Rise and Fall Stories
939,Social Climbing
940,Crime Gone Awry
940,Treacherous Spouses
941,Actor's Life
941,Life in the Arts
942,Trapped or Confined
942,Woman In Jeopardy
943,Life on the Homefront
943,Under Siege
943,Witnessing a Crime
943,Women During Wartime
944,One Last Heist
944,Dishonor Among Thieves
946,Filmmaking
947,Totalitarian States
947,Twins and Lookalikes
947,Underdogs
947,Amnesia
947,Heads of State
947,Mistaken Identities
947,Rise and Fall Stories
948,Curses and Spells
948,Deal With the Devil
948,Death of a Child
948,Demonic Possession
948,Families in Crisis
948,Witches
949,Bounty Hunters
949,Culture Clash
949,Journey of Self-Discovery
949,Mysterious Strangers
949,Protecting the Innocent
950,Life in the Arts
950,Mental Illness
950,Thirtysomething Life
950,Women's Friendship
951,Women's Friendship
951,Journey of Self-Discovery
951,Tomboys
951,Out For Revenge
952,Disasters at Sea
952,Ship Cruises
952,Star-Crossed Lovers
952,Class Differences
952,Forbidden Love
952,Otherwise Engaged
953,White People Among Indians
953,Interracial/Cross-Cultural Romance
953,Culture Clash
953,Redemption
953,Dropping Out
953,Switching Sides
953,Social Injustice
954,Journey of Self-Discovery
954,Obsessive Quests
954,Unlikely Friendships
955,Fathers and Sons
955,Political Unrest
955,Sibling Relationships
955,Crowned Heads
956,In Training
957,Fantasy Life
957,Alcoholism
958,Crumbling Marriages
958,Infidelity
959,Crimes Against Humanity
959,Filmmaking
959,Life Under Occupation
959,Social Injustice
960,Amnesia
960,Filmmaking
960,Woman In Jeopardy
961,Cons and Scams
961,Life in the Arts
962,Woman In Jeopardy
962,Deal With the Devil
962,Demonic Possession
962,Devil Worship
962,Expecting a Baby
962,Mind Games
962,Switching Sides
962,Wolf in Sheep's Clothing
963,Crime Gone Awry
963,Dishonor Among Thieves
963,Going Undercover
964,Future Dystopias
964,Journey of Self-Discovery
964,Robots and Androids
964,Technology Run Amok
965,Daring Rescues
965,Fantasy Lands
965,Lost Worlds
965,Military Life
965,Monkeys
965,Obsessive Quests
965,Survival in the Wilderness
965,War in the Sky
965,When Animals Attack
966,College Life
966,Underdogs
966,Arrested Adolescence
966,Class Differences
966,Feuds
966,Fighting the System
966,Teachers and Students
967,Redemption
968,Death of a Parent
968,Life on the Homefront
968,Orphans
968,Sibling Relationships
969,Nothing Goes Right
969,Immigrant Life
970,Assassination Plots
970,Lone Wolves
971,Southern Gothic
971,Mind Games
971,Sibling Relationships
971,Wolf in Sheep's Clothing
971,Religious Zealotry
971,Inheritance at Stake
971,Mysterious Strangers
971,Treacherous Spouses
971,Widows and Widowers
972,Ghosts
974,Heroic Mission
974,Love Triangles
974,Unrequited Love
975,Mischievous Children
975,Sheriffs and Outlaws
975,Out For Revenge
975,Protecting the Innocent
976,Haunted By the Past
976,Social Climbing
977,Bohemian Life
977,Filmmaking
978,Class Differences
978,Culture Clash
978,Haunted By the Past
978,Inner City Blues
978,Musician's Life
978,Race Relations
978,Twentysomething Life
980,Inheritance at Stake
980,Assumed Identities
980,Cons and Scams
981,Rogue Cops
981,Witness Protection
981,Fighting the System
982,Crime Sprees
982,Dangerous Friends
982,Families in Crisis
982,Serial Killers
983,Alcoholism
983,Arrested Adolescence
983,Bullies
983,Drug Addiction
983,In Training
983,Obsessive Quests
983,Underdogs
984,Fighting the System
984,Labor Unions
984,Rise and Fall Stories
984,Social Injustice
985,Breakups and Divorces
985,Lovers Reunited
985,Musician's Life
985,Self-Destructive Romance
986,Drug Trade
986,Drug Addiction
986,Police Corruption
986,Political Corruption
986,Fathers and Daughters
987,Sheriffs and Outlaws
987,Survival in the Wilderness
987,Daring Rescues
987,Culture Clash
987,Race Against Time
988,Military Life
988,Infidelity
989,Assumed Identities
989,Heroic Mission
989,Mutants
989,Reluctant Hero
989,Unlikely Heroes
990,Down on Their Luck
990,Inner City Blues
990,Prostitutes
990,Single Parents
990,Unlikely Criminals
991,Curses and Spells
991,Fathers and Daughters
991,Opposites Attract
991,Servants and Employers
992,Life Under Occupation
993,Behind Enemy Lines
993,Facing Death
993,Military Life
993,Terrorism
993,Heroic Mission
994,Americans Abroad
994,Whistleblowers
994,Members of the Press
995,Mentors
995,Down on Their Luck
995,Ghosts
995,Soccer Players
996,Arranged Marriages
996,Dangerous Attraction
996,Interracial/Cross-Cultural Romance
996,Unrequited Love
997,Opposites Attract
997,Supernatural Romance
997,Task Forces
997,Unlikely Criminals
997,Workplace Romance
998,Haunted By the Past
998,Prospectors and Land Rights
998,Immigrant Life
998,Prostitutes
999,Expecting a Baby
999,Blackmail
1000,Righting the Wronged
1000,Daring Rescues
1000,Heroic Mission
1000,Opposites Attract
1001,Battling Illness
1001,Finding the Cure
1001,Mental Illness
1001,Unlikely Friendships
1002,Breakups and Divorces
1002,Unlikely Friendships
1002,Writer's Life
1003,Shrunken People
1004,Down on Their Luck
1005,Looking For Love
1005,Love Triangles
1005,Twentysomething Life
1006,Bowling
1006,School Violence [k]
1007,Crumbling Marriages
1007,Infidelity
1007,Suburban Dysfunction
1008,Disfigured Criminals
1008,Experiments Gone Awry
1008,Mercenaries
1008,Misfits and Outsiders
1008,Out For Revenge
1008,Unlikely Heroes
1008,Vigilantes
1010,Creative Block
1010,Midlife Crises
1011,Hired Killers
1011,Cons and Scams
1011,Drug Trade
1011,Hostage Situations
1011,Intersecting Lives
1011,Thrill Crime
1012,Lone Wolves
1012,Righting the Wronged
1012,Farm Life
1012,Great Battles
1012,Haunted By the Past
1012,Hired Killers
1012,Mysterious Strangers
1012,Ranchers
1014,Social Injustice
1014,Hostage Situations
1014,White People Among Indians
1015,Culture Clash
1015,Farm Life
1015,Heroic Mission
1015,Righting the Wronged
